{
  "basic_pitch": [
    {
      "precision": 0.6379310344827587,
      "recall": 0.8345864661654135,
      "f1": 0.723127035830619,
      "n_ref": 133,
      "n_est": 174,
      "time_s": 4.7
    }
  ],
  "mr_mt3": [
    {
      "precision": 0.9849624060150376,
      "recall": 0.9849624060150376,
      "f1": 0.9849624060150376,
      "n_ref": 133,
      "n_est": 133,
      "time_s": 5.2
    }
  ],
  "demucs+basic_pitch": [
    {
      "precision": 0.625,
      "recall": 0.8270676691729323,
      "f1": 0.7119741100323624,
      "n_ref": 133,
      "n_est": 176,
      "time_s": 4.3
    }
  ]
}